,product_name,product_price,product_rating,sold_quantity,category_name,scraped_date,Product Price(USD),Product Price(GBP),Product Price(EUR),Product Price(INR)
0,Premium German Silver Wine Set | Axia Krafts,1550.0,3.0,0.0,Wines,25/04/2024,11.61,9.31,10.76,968.75
1,Hinwa Sweet Red - 750 ml -By Cheers Online,810.0,4.3,4.0,Wines,25/04/2024,6.07,4.86,5.63,506.25
2,Nessy Wine a finest Nepali wine,650.0,0.0,0.0,Wines,25/04/2024,4.87,3.9,4.51,406.25
3,Calvares Tawny Port 750 Ml,2210.0,0.0,0.0,Wines,25/04/2024,16.56,13.27,15.35,1381.25
4,Lindeman's Bin 46 Sweet Red Wine - 750ML -By Cheers Online,1850.0,5.0,0.0,Wines,25/04/2024,13.86,11.11,12.85,1156.25
5,Hinwa Sweet White - 750 ml -By Cheers Online,810.0,4.3,0.0,Wines,25/04/2024,6.07,4.86,5.63,506.25
6,Divine White Wine 750 Ml,730.0,4.0,0.0,Wines,25/04/2024,5.47,4.38,5.07,456.25
7,Jacob's Creek Classic Shiraz Cabernet 750ML,1875.0,0.0,0.0,Wines,25/04/2024,14.05,11.26,13.02,1171.88
8,Big Master Mix Fruit White Wine -750ml,825.0,5.0,0.0,Wines,25/04/2024,6.18,4.95,5.73,515.62
9,"Calvet Bordeaux Merlot Cabernet Sauvignon Red Wine, 750ml -By Cheers Online",2000.0,4.3,0.0,Wines,25/04/2024,14.98,12.01,13.89,1250.0
10,Hardys Nottage Hill Chardonnay - 750 ml -By Cheers Online,1875.0,5.0,0.0,Wines,25/04/2024,14.05,11.26,13.02,1171.88
11,Robertson Winery Natural Sweet White -750ml,1550.0,5.0,0.0,Wines,25/04/2024,11.61,9.31,10.76,968.75
12,Lindeman's Bin 85 Pinot Grigio White Wine - 750ML -By Cheers Online,2100.0,5.0,0.0,Wines,25/04/2024,15.73,12.61,14.58,1312.5
13,Lindeman's Bin 45 Cabernet Sauvignon Red Wine - 750ML -By Cheers Online,2100.0,4.5,0.0,Wines,25/04/2024,15.73,12.61,14.58,1312.5
14,Bottega Acino Chianti DOCG Red Wine 750ML -By Cheers Online,2300.0,4.0,0.0,Wines,25/04/2024,17.23,13.81,15.97,1437.5
15,Hakodate Niagara - Japanese Wine  720ml,2410.0,4.0,0.0,Wines,25/04/2024,18.06,14.47,16.74,1506.25
16,Bottega Merlot IGT Trevenezie Red Wine 750ML -By Cheers Online,2300.0,5.0,0.0,Wines,25/04/2024,17.23,13.81,15.97,1437.5
17,Bottega Acino Chianti Classico DOCG Red Wine 750ML -By Cheers Online,4000.0,3.0,0.0,Wines,25/04/2024,29.97,24.02,27.78,2500.0
18,Bottega Cabernet Sauvignon IGT Trevenezie Red Wine 750ML -By Cheers Online,2300.0,0.0,0.0,Wines,25/04/2024,17.23,13.81,15.97,1437.5
19,Porto Valdouro Tawny Port Wine 750ml,2500.0,0.0,0.0,Wines,25/04/2024,18.73,15.01,17.36,1562.5
20,Pocari Sweat Powder - 740 gm,3800.0,0.0,0.0,Wines,25/04/2024,28.47,22.82,26.39,2375.0
21,Hardys VR Sweet Red - 750 ml -By Cheers Online,1850.0,0.0,0.0,Wines,25/04/2024,13.86,11.11,12.85,1156.25
22,Hardys Nottage Hill Shiraz 750ml,1695.0,0.0,0.0,Wines,25/04/2024,12.7,10.18,11.77,1059.38
23,Bottega Cabernet Sauvignon 750ml,2495.0,0.0,0.0,Wines,25/04/2024,18.69,14.98,17.33,1559.38
24,Akira Sweet Red Wine 750 ML,825.0,0.0,0.0,Wines,25/04/2024,6.18,4.95,5.73,515.62
25,Royal Big Master Perfect Fruit Sweet Red Wine Premium 750,925.0,0.0,0.0,Wines,25/04/2024,6.93,5.56,6.42,578.12
26,Jc Carbenet Sauvigon 750 Ml,1785.0,0.0,0.0,Wines,25/04/2024,13.37,10.72,12.4,1115.62
27,Jc Grenache Shiraz 750 Ml,1785.0,0.0,0.0,Wines,25/04/2024,13.37,10.72,12.4,1115.62
28,Royal Big Master Perfect Fruit Red Wine 750,850.0,0.0,0.0,Wines,25/04/2024,6.37,5.1,5.9,531.25
29,Villa Cardini Nero D'Avola Red Wine - 750ML -By Cheers Online,1850.0,0.0,0.0,Wines,25/04/2024,13.86,11.11,12.85,1156.25
30,Lindeman's Bin 50 Shiraz Red Wine - 750ML -By Cheers Online,2100.0,0.0,0.0,Wines,25/04/2024,15.73,12.61,14.58,1312.5
31,Royal Big Master Regular Perfect Fruit Sweet Red Wine 750Ml,885.0,0.0,0.0,Wines,25/04/2024,6.63,5.31,6.15,553.12
32,Divine Wine 750 Ml,700.0,0.0,0.0,Wines,25/04/2024,5.24,4.2,4.86,437.5
33,Lindeman's Bin 40 Merlot Red Wine - 750ML -By Cheers Online,2100.0,0.0,0.0,Wines,25/04/2024,15.73,12.61,14.58,1312.5
34,JP Chenet Fashion Flavoured Wine - 750ML -By Cheers Online,1950.0,0.0,0.0,Wines,25/04/2024,14.61,11.71,13.54,1218.75
35,Lindeman's Bin 99 Pinot Noir Red Wine - 750ML -By Cheers Online,2100.0,0.0,0.0,Wines,25/04/2024,15.73,12.61,14.58,1312.5
36,Big Master Mix Fruit Wine 750 ML,825.0,0.0,0.0,Wines,25/04/2024,6.18,4.95,5.73,515.62
37,JP Chenet Fashion Peach-750ml,1810.0,0.0,0.0,Wines,25/04/2024,13.56,10.87,12.57,1131.25
38,Bottega Pinot Grigo Venezia 750ml,2495.0,0.0,0.0,Wines,25/04/2024,18.69,14.98,17.33,1559.38
39,Maison Castel Chardonnay Blanc 750 Ml,1950.0,0.0,0.0,Wines,25/04/2024,14.61,11.71,13.54,1218.75
40,Arna 8 330Ml,175.0,0.0,0.0,Beer,25/04/2024,1.31,1.05,1.22,109.38
41,Gorkha Strong Can Beer 500ml 12pcs,3255.0,5.0,0.0,Beer,25/04/2024,24.39,19.55,22.61,2034.38
42,Gorkha Strong Can Beer 500ml,265.0,0.0,0.0,Beer,25/04/2024,1.99,1.59,1.84,165.62
43,Arna 8 650Ml,330.0,0.0,0.0,Beer,25/04/2024,2.47,1.98,2.29,206.25
44,Tuborg Gold Premium Beer 330,220.0,0.0,0.0,Beer,25/04/2024,1.65,1.32,1.53,137.5
45,Tuborg Gold Premium Beer 650,425.0,0.0,0.0,Beer,25/04/2024,3.18,2.55,2.95,265.62
46,Tuborg Gold Premium Beer Can Beer 500,335.0,0.0,0.0,Beer,25/04/2024,2.51,2.01,2.33,209.38
47,San Soju - 300ML -By Cheers Online,170.0,4.7,2.0,Spirits,25/04/2024,1.27,1.02,1.18,106.25
48,Tuborg Gold Premium Can Beer 500ml,325.0,0.0,0.0,Beer,25/04/2024,2.43,1.95,2.26,203.12
49,Old Marphali Apple Brandy 750ml,1300.0,4.5,0.0,Spirits,25/04/2024,9.74,7.81,9.03,812.5
50,Barahsinghe Pilsner Beer Yak Beer 650,395.0,0.0,0.0,Beer,25/04/2024,2.96,2.37,2.74,246.88
51,Khukri Coronation Domestic Rum - 375ML -By Cheers Online,2700.0,4.9,5.0,Spirits,25/04/2024,20.23,16.22,18.75,1687.5
52,Tuborg Can Beer 500ml 12pcs,4050.0,0.0,0.0,Beer,25/04/2024,30.34,24.32,28.13,2531.25
53,Seagram's Royal Stag Whisky - 750ML -By Cheers Online,2000.0,5.0,0.0,Spirits,25/04/2024,14.98,12.01,13.89,1250.0
54,"Pasabahce Beer Mug, Pub,355 ml, Set of 2",875.0,0.0,0.0,Beer,25/04/2024,6.56,5.25,6.08,546.88
55,Limpa Mitho 750ML 30UP Marpha Apple Brandy,950.0,5.0,0.0,Spirits,25/04/2024,7.12,5.71,6.6,593.75
56,Carlsberg Danish Pilsner Can Beer 500ml,310.0,0.0,0.0,Beer,25/04/2024,2.32,1.86,2.15,193.75
57,8848 Rye Vodka x Tsherin Sherpa - 750ML -By Cheers Online,2400.0,5.0,0.0,Spirits,25/04/2024,17.98,14.41,16.67,1500.0
58,Barahsinghe Pilsner Beer Yak Can Beer 500,310.0,0.0,0.0,Beer,25/04/2024,2.32,1.86,2.15,193.75
59,Old Marphali Apple Brandy 180ml,335.0,5.0,0.0,Spirits,25/04/2024,2.51,2.01,2.33,209.38
60,Nepal Ice Can Beer 500ml 12pcs,3255.0,0.0,0.0,Beer,25/04/2024,24.39,19.55,22.61,2034.38
61,Old Durbar Black Chimney Whisky - 1L -By Cheers Online,4635.0,5.0,3.0,Spirits,25/04/2024,34.72,27.84,32.19,2896.88
62,Arna Wild Himalayan Beer 650 ML,330.0,0.0,0.0,Beer,25/04/2024,2.47,1.98,2.29,206.25
63,Old Durbar Reserve Whisky - 750ml -By Cheers Online,2775.0,4.9,9.0,Spirits,25/04/2024,20.79,16.67,19.27,1734.38
64,Tuborg Premium Beer Gold 500Ml,475.0,0.0,0.0,Beer,25/04/2024,3.56,2.85,3.3,296.88
65,Old Durbar Reserve Whisky - 1L -By Cheers Online,3515.0,4.6,5.0,Spirits,25/04/2024,26.33,21.11,24.41,2196.88
66,"Pasabahce Craft Beer  455ml, Set of 4",1185.0,0.0,0.0,Beer,25/04/2024,8.88,7.12,8.23,740.62
67,Old Durbar 12yrs Blended Scotch Artwork by Lok Chitrakar - 750ML -By Cheers Online,5000.0,5.0,0.0,Spirits,25/04/2024,37.46,30.03,34.72,3125.0
68,Gorkha Strong Beer 650 Ml,320.0,0.0,0.0,Beer,25/04/2024,2.4,1.92,2.22,200.0
69,Marpha Mustang Apple Brandy - 750ML -By Cheers Online,1050.0,4.2,1.0,Spirits,25/04/2024,7.87,6.31,7.29,656.25
70,Dragon Strong Beer 650 ML,290.0,0.0,0.0,Beer,25/04/2024,2.17,1.74,2.01,181.25
71,Highlander Vodka 750 Ml,1080.0,0.0,0.0,Spirits,25/04/2024,8.09,6.49,7.5,675.0
72,Arna (8) Beer 330 Ml,170.0,0.0,0.0,Beer,25/04/2024,1.27,1.02,1.18,106.25
73,8848 Vodka -375ML,1075.0,0.0,0.0,Spirits,25/04/2024,8.05,6.46,7.47,671.88
74,Budweiser 650ml,400.0,0.0,0.0,Beer,25/04/2024,3.0,2.4,2.78,250.0
75,Khukuri XXX Domestic Rum - 750ML -By Cheers Online,2050.0,4.6,4.0,Spirits,25/04/2024,15.36,12.31,14.24,1281.25
76,Tuborg Gold Premium Can Beer 500 ML,320.0,0.0,0.0,Beer,25/04/2024,2.4,1.92,2.22,200.0
77,"8848 Vodka, 750ml -By Cheers Online",2145.0,5.0,6.0,Spirits,25/04/2024,16.07,12.88,14.9,1340.62
78,Budweiser Beer 330 Ml,195.0,0.0,0.0,Beer,25/04/2024,1.46,1.17,1.35,121.88
79,Khukri XXX Rum 375ml,1020.0,4.8,0.0,Spirits,25/04/2024,7.64,6.13,7.08,637.5
80,Tuborg Gold Premium Beer 650ml,425.0,0.0,0.0,Beer,25/04/2024,3.18,2.55,2.95,265.62
81,Mustang Gold Whisky - 750ML -By Cheers Online,1200.0,5.0,0.0,Spirits,25/04/2024,8.99,7.21,8.33,750.0
82,Tuborg Beer 330 Ml,215.0,0.0,0.0,Beer,25/04/2024,1.61,1.29,1.49,134.38
83,Johnnie Walker Black Label Premium Whisky - 750ML -By Cheers Online,6900.0,5.0,4.0,Spirits,25/04/2024,51.69,41.44,47.92,4312.5
84,Carlsberg Danish Pilsner Can Beer 500ml Set of 12,4380.0,0.0,0.0,Beer,25/04/2024,32.81,26.3,30.42,2737.5
85,Jack Daniel's Fire Tennessee Whisky - 750 ml -By Cheers Online,6245.0,5.0,0.0,Spirits,25/04/2024,46.79,37.51,43.37,3903.12
86,Gorkha Extra Strong 330 Ml,165.0,0.0,0.0,Beer,25/04/2024,1.24,0.99,1.15,103.12
87,Kala Patthar Whiskey 750ml,2700.0,5.0,0.0,Spirits,25/04/2024,20.23,16.22,18.75,1687.5
88,Arna Wild Himalayan Beer 330 ML,175.0,0.0,0.0,Beer,25/04/2024,1.31,1.05,1.22,109.38
89,Baron Select Extra Premium Whisky 750Ml,1240.0,0.0,0.0,Spirits,25/04/2024,9.29,7.45,8.61,775.0
90,Gorkha Extra Strong Beer 330 ML,175.0,0.0,0.0,Beer,25/04/2024,1.31,1.05,1.22,109.38
91,Signature Red Preminium Grain Whisky 750Ml,2700.0,0.0,0.0,Spirits,25/04/2024,20.23,16.22,18.75,1687.5
92,Gorkha Strong Can Beer 500 ML,290.0,0.0,0.0,Beer,25/04/2024,2.17,1.74,2.01,181.25
93,Yarchagumba Beverage Golden Sapphire 750ML -By Cheers Online,11000.0,4.3,3.0,Spirits,25/04/2024,82.41,66.06,76.39,6875.0
94,Carslberg Can Beer 500 Ml,350.0,0.0,0.0,Beer,25/04/2024,2.62,2.1,2.43,218.75
95,Himalayan Brandy - 750ML -By Cheers Online,1950.0,4.3,0.0,Spirits,25/04/2024,14.61,11.71,13.54,1218.75
96,Tuborg Gold Premium Beer 650 ML,425.0,0.0,0.0,Beer,25/04/2024,3.18,2.55,2.95,265.62
97,Khukri Rum 180Ml,510.0,4.0,0.0,Spirits,25/04/2024,3.82,3.06,3.54,318.75
98,Gorkha Strong Beer 650 ML,330.0,0.0,0.0,Beer,25/04/2024,2.47,1.98,2.29,206.25
99,Old Durbar Black Chimney 180,850.0,3.8,0.0,Spirits,25/04/2024,6.37,5.1,5.9,531.25
100,Tuborg Beer 650 Ml,425.0,0.0,0.0,Beer,25/04/2024,3.18,2.55,2.95,265.62
101,Simirnoff Ten Time Filter Vodka 750Ml,2050.0,5.0,0.0,Spirits,25/04/2024,15.36,12.31,14.24,1281.25
102,Budweiser Beer 650 Ml,390.0,0.0,0.0,Beer,25/04/2024,2.92,2.34,2.71,243.75
103,Old Monk XXX Rum - 750ml -By Cheers Online,1950.0,5.0,3.0,Spirits,25/04/2024,14.61,11.71,13.54,1218.75
104,Barahsinghe Pale Ale Yak Craft Beer 650Ml,435.0,0.0,0.0,Beer,25/04/2024,3.26,2.61,3.02,271.88
105,Yeti Vodka - 750ML -By Cheers Online,2260.0,4.7,0.0,Spirits,25/04/2024,16.93,13.57,15.7,1412.5
106,Tuborg Can Beer 500 Ml,325.0,0.0,0.0,Beer,25/04/2024,2.43,1.95,2.26,203.12
107,Gurkhas and Guns Finest Blended Whisky - 750ML -By Cheers Online,3080.0,5.0,5.0,Spirits,25/04/2024,23.07,18.5,21.39,1925.0
108,Carslberg Beer 650 Ml,450.0,0.0,0.0,Beer,25/04/2024,3.37,2.7,3.13,281.25
109,Old Durbar Black Chimney Whisky - 750 ml -By Cheers Online,3650.0,4.8,3.0,Spirits,25/04/2024,27.34,21.92,25.35,2281.25
110,Arna 8 Beer 330Ml,175.0,5.0,4.0,Beer,25/04/2024,1.31,1.05,1.22,109.38
111,Bandipur Blended Malt Scotch Whisky - 750ML -By Cheers Online,4950.0,5.0,0.0,Spirits,25/04/2024,37.08,29.73,34.38,3093.75
112,Craft Beer Barahsinghe Pilsner Beer 650ml Set of 12,4670.0,0.0,0.0,Beer,25/04/2024,34.99,28.05,32.43,2918.75
113,Minsk Apple 750Ml,1200.0,5.0,0.0,Spirits,25/04/2024,8.99,7.21,8.33,750.0
114,"Baileys Original, 1ltr -By Cheers Online",7300.0,4.0,0.0,Spirits,25/04/2024,54.69,43.84,50.7,4562.5
115,Khukuri White Domestic Rum - 750ML -By Cheers Online,2400.0,1.0,0.0,Spirits,25/04/2024,17.98,14.41,16.67,1500.0
116,Old Durbar Black Chimney Blended Reserve Whisky -750ml,3650.0,4.7,0.0,Spirits,25/04/2024,27.34,21.92,25.35,2281.25
117,"Captain Morgan Spiced Gold Rum, 1L -By Cheers Online",6700.0,5.0,0.0,Spirits,25/04/2024,50.19,40.24,46.53,4187.5
118,Malibu Coconut Rum - 1L -By Cheers Online,7150.0,5.0,0.0,Spirits,25/04/2024,53.57,42.94,49.66,4468.75
119,Jack Daniel's Tennessee Whisky - 1 ltr -By Cheers Online,8160.0,4.3,0.0,Spirits,25/04/2024,61.13,49.01,56.67,5100.0
120,The Himalayan Reserve Whisky - 750ML -By Cheers Online,3400.0,5.0,0.0,Spirits,25/04/2024,25.47,20.42,23.61,2125.0
121,Johnnie Walker Red Label Premium Whisky - 1L -By Cheers Online,6990.0,4.7,0.0,Spirits,25/04/2024,52.37,41.98,48.55,4368.75
122,Old Durbar Two Continents 750,2700.0,5.0,0.0,Spirits,25/04/2024,20.23,16.22,18.75,1687.5
123,Absolut Vodka -1ltr,6550.0,5.0,0.0,Spirits,25/04/2024,49.07,39.34,45.49,4093.75
124,San Soju 300Ml,220.0,5.0,0.0,Spirits,25/04/2024,1.65,1.32,1.53,137.5
125,Finlandia Regular - 750 ml -By Cheers Online,4650.0,5.0,0.0,Spirits,25/04/2024,34.84,27.93,32.29,2906.25
126,Signature Rare Aged Whisky 1L,3055.0,5.0,0.0,Spirits,25/04/2024,22.89,18.35,21.22,1909.38
127,Signature Premier Grain Whisky - 1L -By Cheers Online,3470.0,4.0,0.0,Spirits,25/04/2024,26.0,20.84,24.1,2168.75
128,Password  Whisky Full 750Ml,1365.0,3.0,0.0,Spirits,25/04/2024,10.23,8.2,9.48,853.12
129,Gurkha And Guns Finest Blended Whisky 750Ml,2950.0,5.0,0.0,Spirits,25/04/2024,22.1,17.72,20.49,1843.75
130,Old Durbar Reserve -1L,3515.0,5.0,0.0,Spirits,25/04/2024,26.33,21.11,24.41,2196.88
131,Emperor Half  Whisky 375Ml,580.0,1.0,0.0,Spirits,25/04/2024,4.35,3.48,4.03,362.5
132,Glanfeddich 1 Ltr 12 Yrs,8200.0,0.0,0.0,Spirits,25/04/2024,61.43,49.25,56.95,5125.0
133,Glenfiddich Whiskey 12yrs -1L,12740.0,5.0,0.0,Spirits,25/04/2024,95.45,76.51,88.48,7962.5
134,Johnnie Walker Double Black  Whisky -1L,10500.0,5.0,0.0,Spirits,25/04/2024,78.66,63.06,72.92,6562.5
135,Johnnie Walker Gold Label  Whisky -750ML,10500.0,5.0,0.0,Spirits,25/04/2024,78.66,63.06,72.92,6562.5
136,Limpa Apricot Brandy 750ml By World Marpha Wine Udhyog Pvt.Ltd,1175.0,0.0,0.0,Spirits,25/04/2024,8.8,7.06,8.16,734.38
137,Signature Rare 750Ml,2100.0,0.0,0.0,Spirits,25/04/2024,15.73,12.61,14.58,1312.5
138,Limoncino Liquor Bottega 30% Cl50 - 500 ml,4500.0,0.0,0.0,Spirits,25/04/2024,33.71,27.03,31.25,2812.5
139,"Chivas Regal 12yrs Whisky, 1L -By Cheers Online",9000.0,0.0,0.0,Spirits,25/04/2024,67.43,54.05,62.5,5625.0
140,San Soju 300ml 7pcs,1190.0,0.0,0.0,Spirits,25/04/2024,8.92,7.15,8.26,743.75
141,Latte Macchiato Liquore Bottega 15%Cl50 - 500 ml,4800.0,0.0,0.0,Spirits,25/04/2024,35.96,28.83,33.34,3000.0
142,Snowman Gin - 750ML -By Cheers Online,2400.0,0.0,0.0,Spirits,25/04/2024,17.98,14.41,16.67,1500.0
143,Blue Daimand 375 Ml,560.0,0.0,0.0,Spirits,25/04/2024,4.2,3.36,3.89,350.0
144,Bombay Sapphire London Dry Gin 1000 Ml,5400.0,0.0,0.0,Spirits,25/04/2024,40.46,32.43,37.5,3375.0
145,Choya Umeshu Shiso Fruit Liqueur - 750Ml,5350.0,0.0,0.0,Spirits,25/04/2024,40.08,32.13,37.16,3343.75
146,Courvoisier VSOP Fine Cognac - 500 ml -By Cheers Online,6520.0,0.0,0.0,Spirits,25/04/2024,48.85,39.16,45.28,4075.0
147,Jagermeister 200ML,1600.0,0.0,0.0,Spirits,25/04/2024,11.99,9.61,11.11,1000.0
148,Gilbey's 1857 Special Dry Gin - 1 ltr -By Cheers Online,6500.0,0.0,0.0,Spirits,25/04/2024,48.7,39.04,45.14,4062.5
149,Ginger Liqueur Bottega 25% Cl 50 - 500 ml,4500.0,0.0,0.0,Spirits,25/04/2024,33.71,27.03,31.25,2812.5
150,Soju Good Day Original 360 ml,1300.0,0.0,0.0,Spirits,25/04/2024,9.74,7.81,9.03,812.5
151,Bottega Bacur Gin (700ml),6950.0,0.0,0.0,Spirits,25/04/2024,52.07,41.74,48.27,4343.75
152,Blue Daimand 750 Ml,1120.0,0.0,0.0,Spirits,25/04/2024,8.39,6.73,7.78,700.0
153,Blue Daimand 180 Ml,280.0,0.0,0.0,Spirits,25/04/2024,2.1,1.68,1.94,175.0
154,Dewazakura  180Ml,1210.0,0.0,0.0,Spirits,25/04/2024,9.07,7.27,8.4,756.25
155,Highlander Pure White Vodka 750,1140.0,0.0,0.0,Spirits,25/04/2024,8.54,6.85,7.92,712.5
156,Beefeater London Dry Gin 750ML,5305.0,0.0,0.0,Spirits,25/04/2024,39.74,31.86,36.84,3315.62
157,Red & Black Whiskey 375ML,650.0,0.0,0.0,Spirits,25/04/2024,4.87,3.9,4.51,406.25
158,Golden Oak Premium Blended Malt 750ml,1150.0,0.0,0.0,Spirits,25/04/2024,8.62,6.91,7.99,718.75
159,Blue Riband Gin 180ML(PACK OF 3),1320.0,0.0,0.0,Spirits,25/04/2024,9.89,7.93,9.17,825.0
160,"Pomogranete Liquore Bottega 20%
Cl50 - 500 ml",4500.0,0.0,0.0,Spirits,25/04/2024,33.71,27.03,31.25,2812.5
161,Campari Bitter Liqueur - 1ltr -By Cheers Online,8825.0,0.0,0.0,Spirits,25/04/2024,66.11,53.0,61.29,5515.62
162,Martini Extra Dry Liqueur - 1L -By Cheers Online,3250.0,0.0,0.0,Spirits,25/04/2024,24.35,19.52,22.57,2031.25
163,Blue Diamond -375ML,600.0,0.0,0.0,Spirits,25/04/2024,4.5,3.6,4.17,375.0
164,Mustang Gold 750,1200.0,0.0,0.0,Spirits,25/04/2024,8.99,7.21,8.33,750.0
165,Jagermeister 500ML,4100.0,0.0,0.0,Spirits,25/04/2024,30.72,24.62,28.47,2562.5
166,8848 Vodka 180,535.0,0.0,0.0,Spirits,25/04/2024,4.01,3.21,3.72,334.38
167,Pimm's Original Liquor - 1L -By Cheers Online,7500.0,0.0,0.0,Spirits,25/04/2024,56.19,45.04,52.09,4687.5
168,Bottega Limoncino Liquore 30% 500ml,4465.0,0.0,0.0,Spirits,25/04/2024,33.45,26.82,31.01,2790.62
169,Exe Vodka 180Ml,455.0,0.0,0.0,Spirits,25/04/2024,3.41,2.73,3.16,284.38
170,Yarchagumba Beverage Golden Sapphire 750ML,12000.0,0.0,0.0,Spirits,25/04/2024,89.9,72.07,83.34,7500.0
171,Peach Liquor Bottega 28% Cl50 - 500 ml,4500.0,0.0,0.0,Spirits,25/04/2024,33.71,27.03,31.25,2812.5
172,Khukuri Rum 750Ml,2050.0,0.0,0.0,Spirits,25/04/2024,15.36,12.31,14.24,1281.25
173,Jagermeister - 750ML German Liqueur,5875.0,0.0,0.0,Spirits,25/04/2024,44.01,35.28,40.8,3671.88
174,Exe Vodka 750Ml,1945.0,0.0,0.0,Spirits,25/04/2024,14.57,11.68,13.51,1215.62
175,Hana Awaka Sparkling Wine -Japanese Sparkling Wine 250Ml,1210.0,0.0,0.0,Spirits,25/04/2024,9.07,7.27,8.4,756.25
176,8848 Vodka 750,2105.0,0.0,0.0,Spirits,25/04/2024,15.77,12.64,14.62,1315.62
177,Le Favori Triple Sec Liqueur - 700ML -By Cheers Online,5500.0,0.0,0.0,Spirits,25/04/2024,41.2,33.03,38.2,3437.5
178,Gianduia Liquore Bottega 17% Cl50 - 500 ml,4800.0,0.0,0.0,Spirits,25/04/2024,35.96,28.83,33.34,3000.0
179,Pinapple Liquor Bottega 28% Cl50 - 500 ml,4500.0,0.0,0.0,Spirits,25/04/2024,33.71,27.03,31.25,2812.5
180,Cointreau Orange Liqueur 1L,14680.0,0.0,0.0,Spirits,25/04/2024,109.98,88.16,101.95,9175.0
181,Absolut Vodka 1000 Ml,6200.0,0.0,0.0,Spirits,25/04/2024,46.45,37.24,43.06,3875.0
182,Olmega Tequla Silver 750 Ml,5600.0,0.0,0.0,Spirits,25/04/2024,41.95,33.63,38.89,3500.0
183,8848 Vodka 375,1075.0,0.0,0.0,Spirits,25/04/2024,8.05,6.46,7.47,671.88
184,Liquiriza Liquore Bottega 25% Cl50 - 500 ml,4500.0,0.0,0.0,Spirits,25/04/2024,33.71,27.03,31.25,2812.5
185,Melon Liquor Bottega 28% Cl50 - 500 ml,4500.0,0.0,0.0,Spirits,25/04/2024,33.71,27.03,31.25,2812.5
186,Vaccari Sambuca 700ML,8735.0,0.0,0.0,Spirits,25/04/2024,65.44,52.46,60.66,5459.38
187,Blue Fin 35Ml,600.0,0.0,0.0,Spirits,25/04/2024,4.5,3.6,4.17,375.0
188,Yokaichi Mugi  200Ml  Japanese Shochu,1520.0,0.0,0.0,Spirits,25/04/2024,11.39,9.13,10.56,950.0
189,Yokaichi Imo 200Ml Japanese Shochu,1520.0,0.0,0.0,Spirits,25/04/2024,11.39,9.13,10.56,950.0
190,Fior Di Latte Liquore Bottega 15%Cl50 - 500 ml,5900.0,0.0,0.0,Spirits,25/04/2024,44.2,35.43,40.98,3687.5
191,Vermouth Bianco/White Bottega 16% 75Cl - 750 ml,3600.0,0.0,0.0,Spirits,25/04/2024,26.97,21.62,25.0,2250.0
192,Minsk Luxury 750Ml,1200.0,0.0,0.0,Spirits,25/04/2024,8.99,7.21,8.33,750.0
193,Elixir Amaro Erbe Alpine Bottega Bio 21% Cl50 - 500 ml,4500.0,0.0,0.0,Spirits,25/04/2024,33.71,27.03,31.25,2812.5
194,Martell VSOP Brandy - 1L -By Cheers Online,15200.0,0.0,0.0,Spirits,25/04/2024,113.87,91.29,105.56,9500.0
195,Johnee Walker Double Black 1000 Ml,9700.0,0.0,0.0,Spirits,25/04/2024,72.67,58.25,67.37,6062.5
196,Bitter Accademia - 750 ml,8500.0,0.0,0.0,Spirits,25/04/2024,63.68,51.05,59.03,5312.5
197,Agavita Gold - 700ML Tequila,5200.0,0.0,0.0,Spirits,25/04/2024,38.96,31.23,36.11,3250.0
198,Blue Fin 750Ml,1200.0,0.0,0.0,Spirits,25/04/2024,8.99,7.21,8.33,750.0
199,Johnee Walker Double Black 750 Ml,8500.0,0.0,0.0,Spirits,25/04/2024,63.68,51.05,59.03,5312.5
200,Founder Reserves 1000ml,9800.0,0.0,0.0,Spirits,25/04/2024,73.42,58.86,68.06,6125.0
201,Blue Fin 180Ml,300.0,0.0,0.0,Spirits,25/04/2024,2.25,1.8,2.08,187.5
202,Gordon's London Dry Gin - 1 ltr -By Cheers Online,6700.0,0.0,0.0,Spirits,25/04/2024,50.19,40.24,46.53,4187.5
203,Gordon's special London dry gin - 1 Ltr,6700.0,0.0,0.0,Spirits,25/04/2024,50.19,40.24,46.53,4187.5
204,Bandipur -750ml,5000.0,0.0,0.0,Spirits,25/04/2024,37.46,30.03,34.72,3125.0
205,Yeti Vodka 180 ml,550.0,0.0,0.0,Spirits,25/04/2024,4.12,3.3,3.82,343.75
206,"Camino Real Gold Tequila, 750ml -By Cheers Online",6500.0,0.0,0.0,Spirits,25/04/2024,48.7,39.04,45.14,4062.5
207,Beefeater Gin 500Ml,3650.0,0.0,0.0,Spirits,25/04/2024,27.34,21.92,25.35,2281.25
208,Passport Old Reserve Blend Select Barrels 750,1140.0,0.0,0.0,Spirits,25/04/2024,8.54,6.85,7.92,712.5
209,Monkey 47 Schwarzwald Dry Gin 500ml,9000.0,0.0,0.0,Spirits,25/04/2024,67.43,54.05,62.5,5625.0
210,Gordon's -1Ltr Imported Gin,6700.0,0.0,0.0,Spirits,25/04/2024,50.19,40.24,46.53,4187.5
211,Highlander Vodka 180 Ml,270.0,0.0,0.0,Spirits,25/04/2024,2.02,1.62,1.88,168.75
212,Archers Peach Schnapps 1L,7000.0,0.0,0.0,Spirits,25/04/2024,52.44,42.04,48.61,4375.0
213,Sky Original Vodka 750Ml,2300.0,0.0,0.0,Spirits,25/04/2024,17.23,13.81,15.97,1437.5
214,Old Durbar Scotch Black Chimney Whisky 750Ml,3350.0,0.0,0.0,Spirits,25/04/2024,25.1,20.12,23.27,2093.75
215,"Bulldog Gin, 750ml -By Cheers Online",6420.0,0.0,0.0,Spirits,25/04/2024,48.1,38.56,44.59,4012.5
216,Beefeater London Dry Gin 1L,6675.0,0.0,0.0,Spirits,25/04/2024,50.01,40.09,46.36,4171.88
217,Gordon's London Dry Gin - 375 ml -By Cheers Online,2800.0,0.0,0.0,Spirits,25/04/2024,20.98,16.82,19.45,1750.0
218,Jagermeister - 1000ML German Liqueur,7800.0,0.0,0.0,Spirits,25/04/2024,58.44,46.84,54.17,4875.0
219,Old Durbar Two Continents 375ml,1350.0,0.0,0.0,Spirits,25/04/2024,10.11,8.11,9.38,843.75
220,Jagermeister 1000ML,7850.0,0.0,0.0,Spirits,25/04/2024,58.81,47.14,54.52,4906.25
221,Old Durbar Two Continents 180ml,675.0,0.0,0.0,Spirits,25/04/2024,5.06,4.05,4.69,421.88
222,Rasberry Liquore 15% Cl50 - 500 ml,4500.0,0.0,0.0,Spirits,25/04/2024,33.71,27.03,31.25,2812.5
223,Old Monk XXX Rum 750ML,1950.0,0.0,0.0,Spirits,25/04/2024,14.61,11.71,13.54,1218.75
224,Mustang Gold 180 Ml,290.0,0.0,0.0,Spirits,25/04/2024,2.17,1.74,2.01,181.25
225,Penfold Raswon's Merlot(750ml),2500.0,0.0,0.0,Spirits,25/04/2024,18.73,15.01,17.36,1562.5
226,Yokaichi ( Imo) 720Ml  Japanese Shochu,5320.0,0.0,0.0,Spirits,25/04/2024,39.86,31.95,36.95,3325.0
227,8848 Vodka 750 Ml,2095.0,0.0,0.0,Spirits,25/04/2024,15.7,12.58,14.55,1309.38
228,Baileys Original Liquor -1L,7300.0,0.0,0.0,Spirits,25/04/2024,54.69,43.84,50.7,4562.5
229,Absolut Vodka -1Ltr,5500.0,0.0,0.0,Spirits,25/04/2024,41.2,33.03,38.2,3437.5
230,Golden Oak 750 Ml,1160.0,0.0,0.0,Spirits,25/04/2024,8.69,6.97,8.06,725.0
231,Gordon'S Gin 1000Ml,7615.0,0.0,0.0,Spirits,25/04/2024,57.05,45.73,52.89,4759.38
232,Gill Marry Whisky 750Ml,1115.0,0.0,0.0,Spirits,25/04/2024,8.35,6.7,7.74,696.88
233,Nude Superior Vodka 750Ml,2500.0,0.0,0.0,Spirits,25/04/2024,18.73,15.01,17.36,1562.5
234,Olmeca Silver 750ML,5795.0,5.0,0.0,Spirits,25/04/2024,43.41,34.8,40.25,3621.88
235,Signature Premier Grain Whisky 180,675.0,0.0,0.0,Spirits,25/04/2024,5.06,4.05,4.69,421.88
236,8848 Vodka 180 Ml,525.0,0.0,0.0,Spirits,25/04/2024,3.93,3.15,3.65,328.12
237,Indri Single Malt Indian Whisky - 700ML -By Cheers Online,8900.0,0.0,0.0,Spirits,25/04/2024,66.68,53.45,61.81,5562.5
238,Yeti Vodka 375ML,1120.0,0.0,0.0,Spirits,25/04/2024,8.39,6.73,7.78,700.0
239,Ballantine's 21yrs Whisky - 700ml -By Cheers Online,24000.0,0.0,0.0,Spirits,25/04/2024,179.8,144.14,166.68,15000.0
240,Ruslan Vodka Triple Distilled 750ML,2200.0,0.0,0.0,Spirits,25/04/2024,16.48,13.21,15.28,1375.0
241,Nude Superior Vodka 180 Ml,500.0,0.0,0.0,Spirits,25/04/2024,3.75,3.0,3.47,312.5
242,Blue Oak 750 Ml,1400.0,0.0,0.0,Spirits,25/04/2024,10.49,8.41,9.72,875.0
243,VAT 69 Whiskey -375ML,2425.0,0.0,0.0,Spirits,25/04/2024,18.17,14.56,16.84,1515.62
244,Golden Oak 375 Ml,580.0,0.0,0.0,Spirits,25/04/2024,4.35,3.48,4.03,362.5
245,Antiquity Blue 750ml,3050.0,0.0,0.0,Spirits,25/04/2024,22.85,18.32,21.18,1906.25
246,The Glenlivet 12 Years Whisky - 1L -By Cheers Online,10750.0,0.0,0.0,Spirits,25/04/2024,80.54,64.56,74.66,6718.75
247,Ruslan Vodka -375ML,1100.0,0.0,0.0,Spirits,25/04/2024,8.24,6.61,7.64,687.5
248,Signature Premier Grain Whisky 375,1360.0,0.0,0.0,Spirits,25/04/2024,10.19,8.17,9.45,850.0
249,Snowman Gin 750ML,2400.0,4.0,0.0,Spirits,25/04/2024,17.98,14.41,16.67,1500.0
250,Polska Vodka 750ML,2675.0,0.0,0.0,Spirits,25/04/2024,20.04,16.07,18.58,1671.88
251,Mustang Gold 375 Ml,580.0,0.0,0.0,Spirits,25/04/2024,4.35,3.48,4.03,362.5
252,Smirnoff Vodka 375ML (Bottled in Nepal),1100.0,0.0,0.0,Spirits,25/04/2024,8.24,6.61,7.64,687.5
253,Good Quality Yorkshire Lebal 180 Ml,300.0,0.0,0.0,Spirits,25/04/2024,2.25,1.8,2.08,187.5
254,Old Monk XXX Rum 375ML,975.0,0.0,0.0,Spirits,25/04/2024,7.3,5.86,6.77,609.38
255,Yorkshire Lebal 750 Ml,1040.0,0.0,0.0,Spirits,25/04/2024,7.79,6.25,7.22,650.0
256,Gold Leaf Hideyoshi Ougon Hyoutan Kinpanku 720Ml,11140.0,0.0,0.0,Spirits,25/04/2024,83.46,66.9,77.37,6962.5
257,Khukuri Xxx Rum 375 Ml,990.0,0.0,0.0,Spirits,25/04/2024,7.42,5.95,6.88,618.75
258,Grand Master Rum(750 ml),1800.0,0.0,0.0,Spirits,25/04/2024,13.49,10.81,12.5,1125.0
259,8848 Ray Vodka 750 Ml,2295.0,0.0,0.0,Spirits,25/04/2024,17.19,13.78,15.94,1434.38
260,Signature Premier Grain Whisky 750,3050.0,0.0,0.0,Spirits,25/04/2024,22.85,18.32,21.18,1906.25
261,Bottega Bacur Distilled Dry Gin 700ML -By Cheers Online,6950.0,0.0,0.0,Spirits,25/04/2024,52.07,41.74,48.27,4343.75
262,Highlander Vodka 375 Ml,540.0,0.0,0.0,Spirits,25/04/2024,4.05,3.24,3.75,337.5
263,Nude Superior Vodka - 750ML -By Cheers Online,2170.0,0.0,0.0,Spirits,25/04/2024,16.26,13.03,15.07,1356.25
264,Glenmorangie Lasanta Single Malt Scotch Whisky - 750 ml -By Cheers Online,11700.0,0.0,0.0,Spirits,25/04/2024,87.65,70.27,81.26,7312.5
265,Khukuri Rum 750ml,2040.0,0.0,0.0,Spirits,25/04/2024,15.28,12.25,14.17,1275.0
266,8848 Vodka 375 Ml,1049.0,0.0,0.0,Spirits,25/04/2024,7.86,6.3,7.29,655.62
267,Baileys Irish Cream 1L,7875.0,0.0,0.0,Spirits,25/04/2024,59.0,47.29,54.69,4921.88
268,Yeti Vodka 375 ML,1140.0,0.0,0.0,Spirits,25/04/2024,8.54,6.85,7.92,712.5
269,Ruslan Vodka Triple Distilled 750ML (2 Bottle),4100.0,0.0,0.0,Spirits,25/04/2024,30.72,24.62,28.47,2562.5
270,Highlander Pure White Vodka 375 ML,575.0,0.0,0.0,Spirits,25/04/2024,4.31,3.45,3.99,359.38
271,Black Oak 750 Ml,1320.0,0.0,0.0,Spirits,25/04/2024,9.89,7.93,9.17,825.0
272,Golden Oak 180 Ml,290.0,0.0,0.0,Spirits,25/04/2024,2.17,1.74,2.01,181.25
273,Limpiya Whisky 180Ml,400.0,0.0,0.0,Spirits,25/04/2024,3.0,2.4,2.78,250.0
274,Highlander Pure White Vodka 750 ML,1150.0,0.0,0.0,Spirits,25/04/2024,8.62,6.91,7.99,718.75
275,Yokaichi (Imo) 1800Ml  Japanese Shochu,12410.0,0.0,0.0,Spirits,25/04/2024,92.97,74.53,86.19,7756.25
276,Khukri XXX Rum 375 ML,1020.0,0.0,0.0,Spirits,25/04/2024,7.64,6.13,7.08,637.5
277,Yarsha Gumba 750 Ml,10800.0,0.0,0.0,Spirits,25/04/2024,80.91,64.86,75.01,6750.0
278,Nude Superior Vodka 750 Ml,2010.0,0.0,0.0,Spirits,25/04/2024,15.06,12.07,13.96,1256.25
279,Smirnoff Red Regular Vodka -1L,6000.0,0.0,0.0,Spirits,25/04/2024,44.95,36.03,41.67,3750.0
280,8848 Vodka 750 ML,2100.0,0.0,0.0,Spirits,25/04/2024,15.73,12.61,14.58,1312.5
281,Khukuri Xxx Rum 180 Ml,495.0,0.0,0.0,Spirits,25/04/2024,3.71,2.97,3.44,309.38
282,Finlandia Grapefruit - 750 ml -By Cheers Online,4650.0,0.0,0.0,Spirits,25/04/2024,34.84,27.93,32.29,2906.25
283,Tequila Sierra coffee 600ml,5000.0,0.0,0.0,Spirits,25/04/2024,37.46,30.03,34.72,3125.0
284,Khukri XXX Rum 180 ML,510.0,0.0,0.0,Spirits,25/04/2024,3.82,3.06,3.54,318.75
285,Ruslan Vodka 375 ML,1080.0,0.0,0.0,Spirits,25/04/2024,8.09,6.49,7.5,675.0
286,Signature Premier Grain Whisky - 750 ml -By Cheers Online,2775.0,0.0,0.0,Spirits,25/04/2024,20.79,16.67,19.27,1734.38
287,Mustang Gold Whiskey 180ml,290.0,0.0,0.0,Spirits,25/04/2024,2.17,1.74,2.01,181.25
288,8848 Vodka 750ML,2145.0,0.0,0.0,Spirits,25/04/2024,16.07,12.88,14.9,1340.62
289,Old Durbar Black Chimni 375 Ml,1750.0,0.0,0.0,Spirits,25/04/2024,13.11,10.51,12.15,1093.75
290,Old Durbar Black Chimni 180 Ml,875.0,0.0,0.0,Spirits,25/04/2024,6.56,5.25,6.08,546.88
291,Kavalan Distillery Select No.1 (50ml),1200.0,0.0,0.0,Spirits,25/04/2024,8.99,7.21,8.33,750.0
292,Blue Riband Gin 375ML,880.0,0.0,0.0,Spirits,25/04/2024,6.59,5.28,6.11,550.0
293,8848 Vodka 750ml Made in Himalayan -2 Bottles,4500.0,0.0,0.0,Spirits,25/04/2024,33.71,27.03,31.25,2812.5
294,Old Durbar Black Chimney 375,1760.0,0.0,0.0,Spirits,25/04/2024,13.19,10.57,12.22,1100.0
295,Chivas Regal 12 Yrs 750 Ml,6850.0,0.0,0.0,Spirits,25/04/2024,51.32,41.14,47.57,4281.25
296,Sky Vodka Original 1000 Ml,6995.0,0.0,0.0,Spirits,25/04/2024,52.4,42.01,48.58,4371.88
297,The Himalayan Reserve Whisky 180 Ml,860.0,0.0,0.0,Spirits,25/04/2024,6.44,5.16,5.97,537.5
298,Signature Rare 375 Ml,1160.0,0.0,0.0,Spirits,25/04/2024,8.69,6.97,8.06,725.0
299,Le Favori Triple Sec 700ML,5490.0,0.0,0.0,Spirits,25/04/2024,41.13,32.97,38.13,3431.25
300,Yokaichi (Mugi) 1800Ml,12410.0,0.0,0.0,Spirits,25/04/2024,92.97,74.53,86.19,7756.25
301,Mustang Gold Whiskey 750ml,1160.0,0.0,0.0,Spirits,25/04/2024,8.69,6.97,8.06,725.0
302,Johnnie Walker Red Label Premium Whisky - 375ML -By Cheers Online,2750.0,0.0,0.0,Spirits,25/04/2024,20.6,16.52,19.1,1718.75
303,J89 Select Cask Double Wood 12yrs 750ML,4500.0,0.0,0.0,Spirits,25/04/2024,33.71,27.03,31.25,2812.5
304,Talisker 10 Years Whisky - 750ML -By Cheers Online,10500.0,0.0,0.0,Spirits,25/04/2024,78.66,63.06,72.92,6562.5
305,Mr Downells Full Whisky 750Ml,1300.0,0.0,0.0,Spirits,25/04/2024,9.74,7.81,9.03,812.5
306,Finlandia Lime - 750 ml -By Cheers Online,4650.0,0.0,0.0,Spirits,25/04/2024,34.84,27.93,32.29,2906.25
307,Bottega Alexander Vodka,6950.0,0.0,0.0,Spirits,25/04/2024,52.07,41.74,48.27,4343.75
308,Gill Marry Whisky 375Ml,560.0,0.0,0.0,Spirits,25/04/2024,4.2,3.36,3.89,350.0
309,Glen Grant 10yrs 750ML,8110.0,0.0,0.0,Spirits,25/04/2024,60.76,48.71,56.32,5068.75
310,Finlandia Mango - 750 ml -By Cheers Online,4650.0,0.0,0.0,Spirits,25/04/2024,34.84,27.93,32.29,2906.25
311,Ruslan Vodka Triple Distilled 750Ml,2100.0,0.0,0.0,Spirits,25/04/2024,15.73,12.61,14.58,1312.5
312,Red Label Blended Scotch Whisky 750ml,5350.0,0.0,0.0,Spirits,25/04/2024,40.08,32.13,37.16,3343.75
313,"Caol Ila 12yrs Single Malt Whisky, 750ML -By Cheers Online",10200.0,0.0,0.0,Spirits,25/04/2024,76.42,61.26,70.84,6375.0
314,Finlandia Cranberry  - 750 ml -By Cheers Online,4650.0,0.0,0.0,Spirits,25/04/2024,34.84,27.93,32.29,2906.25
315,Khukuri Xxx Rum 750 Ml,1980.0,0.0,0.0,Spirits,25/04/2024,14.83,11.89,13.75,1237.5
316,Black Oak 180 Ml,330.0,0.0,0.0,Spirits,25/04/2024,2.47,1.98,2.29,206.25
317,Tanqueray London Dry Gin 1L,8000.0,0.0,0.0,Spirits,25/04/2024,59.93,48.05,55.56,5000.0
318,Yeti Vodka 750ML,2200.0,0.0,0.0,Spirits,25/04/2024,16.48,13.21,15.28,1375.0
319,Black Label Blended Scotch Whisky 375ml,3600.0,0.0,0.0,Spirits,25/04/2024,26.97,21.62,25.0,2250.0
320,The Himalayan Reserve Whisky 750 Ml,3400.0,0.0,0.0,Spirits,25/04/2024,25.47,20.42,23.61,2125.0
321,8848 Vodka 750ml Made in Himalayan,2400.0,0.0,0.0,Spirits,25/04/2024,17.98,14.41,16.67,1500.0
322,Limpiya Whisky 750Ml,1590.0,0.0,0.0,Spirits,25/04/2024,11.91,9.55,11.04,993.75
323,Black Oak 375 Ml,660.0,0.0,0.0,Spirits,25/04/2024,4.94,3.96,4.58,412.5
324,Highlander Pure White Vodka 180 ML,285.0,0.0,0.0,Spirits,25/04/2024,2.14,1.71,1.98,178.12
325,Khukuri Spice Domestic Rum - 750ML -By Cheers Online,2400.0,0.0,0.0,Spirits,25/04/2024,17.98,14.41,16.67,1500.0
326,Bacardi Black Original Premium Crafted Rum 750 ml,2625.0,0.0,0.0,Spirits,25/04/2024,19.67,15.76,18.23,1640.62
327,Baron Full Whisky 750Ml,1325.0,0.0,0.0,Spirits,25/04/2024,9.93,7.96,9.2,828.12
328,Yeti Vodka 750 ML,2200.0,0.0,0.0,Spirits,25/04/2024,16.48,13.21,15.28,1375.0
329,Smirnoff Vodka 750ML (Bottled in Nepal),2200.0,0.0,0.0,Spirits,25/04/2024,16.48,13.21,15.28,1375.0
330,Glenfiddich Whiskey 12yrs 1L,11000.0,0.0,0.0,Spirits,25/04/2024,82.41,66.06,76.39,6875.0
331,"Camino Real Silver Tequila, 750ml -By Cheers Online",6500.0,0.0,0.0,Spirits,25/04/2024,48.7,39.04,45.14,4062.5
332,Old Durbar Black Chimney - 750 ml,3650.0,0.0,0.0,Spirits,25/04/2024,27.34,21.92,25.35,2281.25
333,Old Durbar Black Chimni 750 Ml,3500.0,0.0,0.0,Spirits,25/04/2024,26.22,21.02,24.31,2187.5
334,Vat 69 750 Ml,4370.0,0.0,0.0,Spirits,25/04/2024,32.74,26.24,30.35,2731.25
335,Baron Whisky 375Ml,665.0,0.0,0.0,Spirits,25/04/2024,4.98,3.99,4.62,415.62
336,Yeti Vodka 180 ML,570.0,0.0,0.0,Spirits,25/04/2024,4.27,3.42,3.96,356.25
337,8848 Vodka 375 ML,1065.0,0.0,0.0,Spirits,25/04/2024,7.98,6.4,7.4,665.62
338,Vat 69 1000 Ml,5800.0,0.0,0.0,Spirits,25/04/2024,43.45,34.83,40.28,3625.0
339,Mustang Gold Whiskey 375ml,580.0,0.0,0.0,Spirits,25/04/2024,4.35,3.48,4.03,362.5
340,Kaluwa 1 Ltr,7250.0,0.0,0.0,Spirits,25/04/2024,54.32,43.54,50.35,4531.25
341,Skyy Original Vodka - 1L -By Cheers Online,6995.0,0.0,0.0,Spirits,25/04/2024,52.4,42.01,48.58,4371.88
342,Signature Rare Aged Whiskey 375 ML,1240.0,0.0,0.0,Spirits,25/04/2024,9.29,7.45,8.61,775.0
343,Johnnie Walker Red Label 200 ML,1600.0,0.0,0.0,Spirits,25/04/2024,11.99,9.61,11.11,1000.0
344,The Glenlivet Founder's Reserve Whisky - 1L -By Cheers Online,9800.0,0.0,0.0,Spirits,25/04/2024,73.42,58.86,68.06,6125.0
345,Seto Bagh Vodka 750 ML,2080.0,0.0,0.0,Spirits,25/04/2024,15.58,12.49,14.45,1300.0
346,Signature Rare Aged Whisky 750ml,2790.0,0.0,0.0,Spirits,25/04/2024,20.9,16.76,19.38,1743.75
347,Golden Oak Premium Blended Malt 180 ML,290.0,0.0,0.0,Spirits,25/04/2024,2.17,1.74,2.01,181.25
348,Johnnie Walker Red Label 375 ML,3000.0,0.0,0.0,Spirits,25/04/2024,22.48,18.02,20.83,1875.0
349,Jack Daniels 1000 Ml,7700.0,0.0,0.0,Spirits,25/04/2024,57.69,46.24,53.48,4812.5
350,Seto Bagh Vodka 180 ML,520.0,0.0,0.0,Spirits,25/04/2024,3.9,3.12,3.61,325.0
351,Golden Oak 750ML,1160.0,0.0,0.0,Spirits,25/04/2024,8.69,6.97,8.06,725.0
352,Royal Blue Whisky Half 375Ml,735.0,0.0,0.0,Spirits,25/04/2024,5.51,4.41,5.1,459.38
353,Captain Morgan Black Imported Rum 1L,6600.0,0.0,0.0,Spirits,25/04/2024,49.45,39.64,45.84,4125.0
354,Baron Qua Whisky 180Ml,335.0,0.0,0.0,Spirits,25/04/2024,2.51,2.01,2.33,209.38
355,Johnne Walker Black Label 1000 Ml,9000.0,0.0,0.0,Spirits,25/04/2024,67.43,54.05,62.5,5625.0
356,Johnnie Walker Red Label Premium Whisky 750Ml,5250.0,0.0,0.0,Spirits,25/04/2024,39.33,31.53,36.46,3281.25
357,Jemson Irish 1000 Ml,7400.0,0.0,0.0,Spirits,25/04/2024,55.44,44.44,51.39,4625.0
358,Jim Beam Black Bourbon Whisky -1L,8160.0,0.0,0.0,Spirits,25/04/2024,61.13,49.01,56.67,5100.0
359,Gill Marry Whisky 180Ml,280.0,0.0,0.0,Spirits,25/04/2024,2.1,1.68,1.94,175.0
360,Grant's Blended Scotch Whisky - 1 ltr -By Cheers Online,7310.0,0.0,0.0,Spirits,25/04/2024,54.76,43.9,50.77,4568.75
361,Kavalan Solist ex-Bourbon Single Cask (700ml),26000.0,0.0,0.0,Spirits,25/04/2024,194.79,156.15,180.57,16250.0
362,Signature Rare 750 Ml,2320.0,0.0,0.0,Spirits,25/04/2024,17.38,13.93,16.11,1450.0
363,Ruslan Vodka -750ML,2200.0,0.0,0.0,Spirits,25/04/2024,16.48,13.21,15.28,1375.0
364,Absolut Vodka 750ml,5700.0,0.0,0.0,Spirits,25/04/2024,42.7,34.23,39.59,3562.5
365,Khukri White Rum (750ml),2300.0,0.0,0.0,Spirits,25/04/2024,17.23,13.81,15.97,1437.5
366,"Cardhu Malt 12yrs Whisky, 1L -By Cheers Online",11000.0,0.0,0.0,Spirits,25/04/2024,82.41,66.06,76.39,6875.0
367,"Canadian Club Whisky, 1L -By Cheers Online",10300.0,0.0,0.0,Spirits,25/04/2024,77.17,61.86,71.53,6437.5
368,Ciroc Regular Vodka -750ML,7900.0,0.0,0.0,Spirits,25/04/2024,59.18,47.44,54.86,4937.5
369,Maker's Mark Bourbon Whisky - 1L -By Cheers Online,10300.0,0.0,0.0,Spirits,25/04/2024,77.17,61.86,71.53,6437.5
370,Old Durbar 375 ML,1375.0,0.0,0.0,Spirits,25/04/2024,10.3,8.26,9.55,859.38
371,J89 Single Barrel Malt 750 ML,2900.0,0.0,0.0,Spirits,25/04/2024,21.73,17.42,20.14,1812.5
372,Old Monk Xxx Rum Head Shape  750Ml,2500.0,0.0,0.0,Spirits,25/04/2024,18.73,15.01,17.36,1562.5
373,Kalapatthar Blended Reserve Whisky 750Ml,2600.0,0.0,0.0,Spirits,25/04/2024,19.48,15.61,18.06,1625.0
374,8848 Vodka(PACK OF 3) -180ML,1610.0,0.0,0.0,Spirits,25/04/2024,12.06,9.67,11.18,1006.25
375,Johnnie Walker Red Label 1000 ML,6850.0,0.0,0.0,Spirits,25/04/2024,51.32,41.14,47.57,4281.25
376,Ballys Original 1000ml,7200.0,0.0,0.0,Spirits,25/04/2024,53.94,43.24,50.0,4500.0
377,Signature Rare Aged Whisky -375ml,1245.0,0.0,0.0,Spirits,25/04/2024,9.33,7.48,8.65,778.12
378,Gurkhas & Guns Finest Blended Whiskey 750ml,3090.0,0.0,0.0,Spirits,25/04/2024,23.15,18.56,21.46,1931.25
379,Signature Rare Aged Whiskey 180 ML,620.0,0.0,0.0,Spirits,25/04/2024,4.64,3.72,4.31,387.5
380,Ballantines Finest 1Ltr,6950.0,0.0,0.0,Spirits,25/04/2024,52.07,41.74,48.27,4343.75
381,Grey Goose Vodka - 1 ltr -By Cheers Online,12500.0,0.0,0.0,Spirits,25/04/2024,93.65,75.07,86.81,7812.5
382,Baileys Original Irish Cream 70cl,7450.0,0.0,0.0,Spirits,25/04/2024,55.81,44.74,51.74,4656.25
383,"Absolut Peppar Vodka, 1ltr -By Cheers Online",6800.0,0.0,0.0,Spirits,25/04/2024,50.94,40.84,47.23,4250.0
384,Golden Oak Premium Blended Malt 375 ML,580.0,0.0,0.0,Spirits,25/04/2024,4.35,3.48,4.03,362.5
385,Ciroc Vodka - 750 ml -By Cheers Online,7900.0,0.0,0.0,Spirits,25/04/2024,59.18,47.44,54.86,4937.5
386,The Original Black Oak Preminium Blended Malt Whisky 750Ml,1400.0,0.0,0.0,Spirits,25/04/2024,10.49,8.41,9.72,875.0
387,Bandipur Whiskey 750 Ml,4800.0,0.0,0.0,Spirits,25/04/2024,35.96,28.83,33.34,3000.0
388,Johnnie Walker Red Label 500 ML,3800.0,0.0,0.0,Spirits,25/04/2024,28.47,22.82,26.39,2375.0
389,Singleton Whiskey 12yrs -700ML,7500.0,0.0,0.0,Spirits,25/04/2024,56.19,45.04,52.09,4687.5
390,Johnne Walker Black Label 375 Ml,3420.0,0.0,0.0,Spirits,25/04/2024,25.62,20.54,23.75,2137.5
391,Old Durbar Reserve 375ML,1390.0,0.0,0.0,Spirits,25/04/2024,10.41,8.35,9.65,868.75
392,Courvoisier Napoleon Cognac - 750 ml -By Cheers Online,9760.0,0.0,0.0,Spirits,25/04/2024,73.12,58.62,67.78,6100.0
393,Old Durbar 180 ML,680.0,0.0,0.0,Spirits,25/04/2024,5.09,4.08,4.72,425.0
394,Kavalan Classic Single Malt Whiskey Miniature (50ml),1300.0,0.0,0.0,Spirits,25/04/2024,9.74,7.81,9.03,812.5
395,Old Durbar Reserve -750mL,2775.0,0.0,0.0,Spirits,25/04/2024,20.79,16.67,19.27,1734.38
396,Jack Daniel's 750ML,6245.0,0.0,0.0,Spirits,25/04/2024,46.79,37.51,43.37,3903.12
397,Old Durbar Black Chimney -180ML,915.0,0.0,0.0,Spirits,25/04/2024,6.85,5.5,6.35,571.88
398,Ruslan Vodka 180 ML,550.0,0.0,0.0,Spirits,25/04/2024,4.12,3.3,3.82,343.75
399,Golden Oak Premium Blended Malt 750 ML,1160.0,0.0,0.0,Spirits,25/04/2024,8.69,6.97,8.06,725.0
400,Antiquity Blue 375ml,1525.0,0.0,0.0,Spirits,25/04/2024,11.42,9.16,10.59,953.12
401,Jamson Irish 750 Ml,5500.0,0.0,0.0,Spirits,25/04/2024,41.2,33.03,38.2,3437.5
402,Talisker Storm Whisky - 700ML -By Cheers Online,10200.0,0.0,0.0,Spirits,25/04/2024,76.42,61.26,70.84,6375.0
403,Old Monk XXX Rum -750ML,1975.0,0.0,0.0,Spirits,25/04/2024,14.8,11.86,13.72,1234.38
404,Old Durbar Black Chimney 180 ML,900.0,0.0,0.0,Spirits,25/04/2024,6.74,5.41,6.25,562.5
405,Gurkhas and Guns Whisky -750ML,3080.0,0.0,0.0,Spirits,25/04/2024,23.07,18.5,21.39,1925.0
406,VAT 69 Blended Scotch Whisky - 375ML -By Cheers Online,2425.0,0.0,0.0,Spirits,25/04/2024,18.17,14.56,16.84,1515.62
407,Old Durbar 1LTR,4635.0,0.0,0.0,Spirits,25/04/2024,34.72,27.84,32.19,2896.88
408,Grand Master XXX Rum 375 ML,850.0,0.0,0.0,Spirits,25/04/2024,6.37,5.1,5.9,531.25
409,Johnnie Walker Red Label 750 ML,5700.0,0.0,0.0,Spirits,25/04/2024,42.7,34.23,39.59,3562.5
410,Khukri XXX Rum 180ml(PACK OF 3),1540.0,0.0,0.0,Spirits,25/04/2024,11.54,9.25,10.7,962.5
411,Kavalan Concertmaster Sherry Finish Single Malt Whiskey (700ml),18000.0,0.0,0.0,Spirits,25/04/2024,134.85,108.1,125.01,11250.0
412,Signature Premier Grain -750ML,2775.0,0.0,0.0,Spirits,25/04/2024,20.79,16.67,19.27,1734.38
413,Johnne Walker Black Label 500 Ml,4400.0,0.0,0.0,Spirits,25/04/2024,32.96,26.42,30.56,2750.0
414,Teacher's Whisky -350ML,2275.0,0.0,0.0,Spirits,25/04/2024,17.04,13.66,15.8,1421.88
415,Old Durbar 750 ML,2750.0,0.0,0.0,Spirits,25/04/2024,20.6,16.52,19.1,1718.75
416,Malibu White Rum With Coconut 1L,6500.0,0.0,0.0,Spirits,25/04/2024,48.7,39.04,45.14,4062.5
418,Old Durbar Black Chimney 750 ML,3600.0,0.0,0.0,Spirits,25/04/2024,26.97,21.62,25.0,2250.0
419,Signature Premier Grain Whiskey 180 ML,670.0,0.0,0.0,Spirits,25/04/2024,5.02,4.02,4.65,418.75
421,Ruslan Vodka Triple Distilled 750ML (5 Bottle),10500.0,0.0,0.0,Spirits,25/04/2024,78.66,63.06,72.92,6562.5
422,Old Durbar 15yrs Blended Malt Scotch Whisky - 750ML -By Cheers Online,15000.0,0.0,0.0,Spirits,25/04/2024,112.38,90.08,104.17,9375.0
423,Signature Premier Grain Whiskey 375 ML,1340.0,0.0,0.0,Spirits,25/04/2024,10.04,8.05,9.31,837.5
424,Chivas Regal 200 ml,2170.0,0.0,0.0,Spirits,25/04/2024,16.26,13.03,15.07,1356.25
425,Signature Rare Aged Whisky 750Ml,2500.0,0.0,0.0,Spirits,25/04/2024,18.73,15.01,17.36,1562.5
426,Jameson Irish 750ml,5660.0,0.0,0.0,Spirits,25/04/2024,42.4,33.99,39.31,3537.5
427,"Camus XO Cognac, 1L -By Cheers Online",41940.0,0.0,0.0,Spirits,25/04/2024,314.2,251.88,291.27,26212.5
428,Monkey Shoulder The Original 700Ml,7509.0,0.0,0.0,Spirits,25/04/2024,56.26,45.1,52.15,4693.12
429,Dewar's 15yrs The Monarch Blended Scotch Whisky - 1ltr -By Cheers Online,13000.0,0.0,0.0,Spirits,25/04/2024,97.39,78.07,90.28,8125.0
430,Kavalan Solist Port Single Cask Strength (700ml),28000.0,0.0,0.0,Spirits,25/04/2024,209.77,168.16,194.46,17500.0
431,Seagrams'S Royal Stage Deluxe Whisky 750Ml,2000.0,0.0,0.0,Spirits,25/04/2024,14.98,12.01,13.89,1250.0
432,Johnnie Walker Red Label  Whisky -1L,6990.0,0.0,0.0,Spirits,25/04/2024,52.37,41.98,48.55,4368.75
433,Signature Premier Grain Whiskey 750 ML,2680.0,0.0,0.0,Spirits,25/04/2024,20.08,16.1,18.61,1675.0
434,Antiquity Blue Ultra Premium Whiskey 750 ML,3000.0,0.0,0.0,Spirits,25/04/2024,22.48,18.02,20.83,1875.0
435,Old Durbar Black Chimney -375ML,1825.0,0.0,0.0,Spirits,25/04/2024,13.67,10.96,12.67,1140.62
436,Old Durbar Black Chimney - 750ML Domestic Whisky,3650.0,0.0,0.0,Spirits,25/04/2024,27.34,21.92,25.35,2281.25
437,Antiquity Blue 180ml(PACK OF 3),2290.0,0.0,0.0,Spirits,25/04/2024,17.16,13.75,15.9,1431.25
439,Master Selection(750 ml),3350.0,0.0,0.0,Spirits,25/04/2024,25.1,20.12,23.27,2093.75
440,Chivas Regal 12 Yrs 1000 Ml,8800.0,0.0,0.0,Spirits,25/04/2024,65.93,52.85,61.12,5500.0
441,Kavalan Podium Single Malt Whisky,25000.0,0.0,0.0,Spirits,25/04/2024,187.29,150.14,173.62,15625.0
442,Johnnie Walker Black Label Premium Whisky 1L,8600.0,0.0,0.0,Spirits,25/04/2024,64.43,51.65,59.73,5375.0
443,Himalayan Honey Hunter 15yrs Rum - 750ML -By Cheers Online,5125.0,0.0,0.0,Spirits,25/04/2024,38.4,30.78,35.59,3203.12
444,Kavalan Concertmaster,18000.0,0.0,0.0,Spirits,25/04/2024,134.85,108.1,125.01,11250.0
445,Old Durbar Black Chimney Whisky 750Ml,3400.0,0.0,0.0,Spirits,25/04/2024,25.47,20.42,23.61,2125.0
446,Jack Daniel'S Jennessee Honey Whisky 1L,8900.0,0.0,0.0,Spirits,25/04/2024,66.68,53.45,61.81,5562.5
447,White Horse Blended Scotch Whisky - 750ML -By Cheers Online,4525.0,0.0,0.0,Spirits,25/04/2024,33.9,27.18,31.43,2828.12
448,Signature Rare Aged Whiskey 750 ML,2500.0,0.0,0.0,Spirits,25/04/2024,18.73,15.01,17.36,1562.5
449,Jack Daniels Jennessee Whiskey 1Ltr,7800.0,0.0,0.0,Spirits,25/04/2024,58.44,46.84,54.17,4875.0
450,The Glenlivert 15 Yrs 1000 Ml,15850.0,0.0,0.0,Spirits,25/04/2024,118.74,95.19,110.08,9906.25
451,The Famous Grouse 1 Ltr,6800.0,0.0,0.0,Spirits,25/04/2024,50.94,40.84,47.23,4250.0
452,The Himalayan Reserve Whisky 750Ml,3300.0,0.0,0.0,Spirits,25/04/2024,24.72,19.82,22.92,2062.5
453,Johnnie Walker Red Label Premium Whisky 1L,6900.0,0.0,0.0,Spirits,25/04/2024,51.69,41.44,47.92,4312.5
454,Johnnie Walker Red Label -750ML,5350.0,0.0,0.0,Spirits,25/04/2024,40.08,32.13,37.16,3343.75
455,The himalayan Reserve 750ML,3400.0,0.0,0.0,Spirits,25/04/2024,25.47,20.42,23.61,2125.0
456,Jack Daniel's - 1L American Whisky,8160.0,0.0,0.0,Spirits,25/04/2024,61.13,49.01,56.67,5100.0
457,Old Durbar 12 Years (750 ml),6500.0,0.0,0.0,Spirits,25/04/2024,48.7,39.04,45.14,4062.5
458,Johnnie Walker Black Label  Whisky -1L,9000.0,0.0,0.0,Spirits,25/04/2024,67.43,54.05,62.5,5625.0
459,Dimple Deluxe 15 Years Old Blended Scotch Whisky - 1 ltr -By Cheers Online,10600.0,0.0,0.0,Spirits,25/04/2024,79.41,63.66,73.62,6625.0
460,Johnnie Walker Double Black Whisky 750Ml,8200.0,0.0,0.0,Spirits,25/04/2024,61.43,49.25,56.95,5125.0
461,Ballantine's Finest 1L,6950.0,0.0,0.0,Spirits,25/04/2024,52.07,41.74,48.27,4343.75
462,Malebu Rum 1000 Ml,7000.0,0.0,0.0,Spirits,25/04/2024,52.44,42.04,48.61,4375.0
463,J&B Rare Scotch Whisky - 1 ltr -By Cheers Online,7000.0,0.0,0.0,Spirits,25/04/2024,52.44,42.04,48.61,4375.0
464,"Captain Morgan Black Rum, 1L -By Cheers Online",6600.0,0.0,0.0,Spirits,25/04/2024,49.45,39.64,45.84,4125.0
465,Kavalan Ex-Bourbon Oak Single Malt Whiskey (700ml),23000.0,0.0,0.0,Spirits,25/04/2024,172.31,138.13,159.73,14375.0
466,Johnnie Walker Double Black Whisky 1L,10000.0,0.0,0.0,Spirits,25/04/2024,74.92,60.06,69.45,6250.0
467,Johnnie Walker Black Label  Whisky -750ML,6900.0,0.0,0.0,Spirits,25/04/2024,51.69,41.44,47.92,4312.5
468,VAT 69 Whisky 1L,6290.0,0.0,0.0,Spirits,25/04/2024,47.12,37.78,43.68,3931.25
469,Dewars Special Reserve Whiskey 12 Years 1000ml,8550.0,0.0,0.0,Spirits,25/04/2024,64.05,51.35,59.38,5343.75
470,Johnnie Walker Blue Label 200ml,9200.0,0.0,0.0,Spirits,25/04/2024,68.92,55.25,63.89,5750.0
471,8848 Vodka 750ml Made in Himalayan (10 Bottle),24000.0,0.0,0.0,Spirits,25/04/2024,179.8,144.14,166.68,15000.0
472,VAT 69 Blended Scotch Whisky - 1L -By Cheers Online,6290.0,5.0,0.0,Spirits,25/04/2024,47.12,37.78,43.68,3931.25
473,Kavalan Solist Vinho Barrique Single Cask,33000.0,0.0,0.0,Spirits,25/04/2024,247.23,198.19,229.18,20625.0
474,Johnnie Walker Black Label Premium Whisky 750Ml,6900.0,0.0,0.0,Spirits,25/04/2024,51.69,41.44,47.92,4312.5
475,Chivas Regal 375ml,3600.0,0.0,0.0,Spirits,25/04/2024,26.97,21.62,25.0,2250.0
476,Chivas Regal 25 Year Old Blended Scotch Whisky - 700 ml -By Cheers Online,51000.0,0.0,0.0,Spirits,25/04/2024,382.08,306.29,354.19,31875.0
477,VAT 69 Blended Scotch Whisky - 750ML -By Cheers Online,4750.0,4.7,0.0,Spirits,25/04/2024,35.59,28.53,32.99,2968.75
478,Kavalan Oloroso Sherry Oak Single Malt Whiskey (700ml),27000.0,0.0,0.0,Spirits,25/04/2024,202.28,162.15,187.51,16875.0
479,Johnnie Walker Gold Label  Whisky-1L,13000.0,0.0,0.0,Spirits,25/04/2024,97.39,78.07,90.28,8125.0
480,The Glenlivet 12yrs Double Oak  Whisky -1L,12750.0,0.0,0.0,Spirits,25/04/2024,95.52,76.57,88.55,7968.75
481,Johnnie Walker Gold label Reserve Whiskey 750ml,10400.0,0.0,0.0,Spirits,25/04/2024,77.91,62.46,72.23,6500.0
482,Dewar's 12 Year Old The Ancestor Blended Scotch Whisky - 1 ltr -By Cheers Online,8800.0,2.0,0.0,Spirits,25/04/2024,65.93,52.85,61.12,5500.0
483,Royal Salute 21 Yo 700 Ml,32000.0,0.0,0.0,Spirits,25/04/2024,239.74,192.18,222.24,20000.0
484,Gold Label Reserve -750 ml,10500.0,0.0,0.0,Spirits,25/04/2024,78.66,63.06,72.92,6562.5
485,Glenfiddich 15yrs 1L,18500.0,0.0,0.0,Spirits,25/04/2024,138.6,111.1,128.48,11562.5
486,Captain Morgan Spiced Gold Imported Rum -1L,6700.0,0.0,0.0,Spirits,25/04/2024,50.19,40.24,46.53,4187.5
487,Chivas Regal 12 Year Old Blended Scotch Whisky - 750 ml -By Cheers Online,6850.0,0.0,0.0,Spirits,25/04/2024,51.32,41.14,47.57,4281.25
488,Chivas Regal 12Yrs Whisky 1L,9500.0,0.0,0.0,Spirits,25/04/2024,71.17,57.05,65.98,5937.5
489,Gold Label Reserve  1 Ltr,13000.0,0.0,0.0,Spirits,25/04/2024,97.39,78.07,90.28,8125.0
490,Glenmorangie Nectar D'Or Single Malt Scotch Whisky - 750 ml -By Cheers Online,15300.0,0.0,0.0,Spirits,25/04/2024,114.62,91.89,106.26,9562.5
491,Glenfiddich 18yrs 700ML,18580.0,0.0,0.0,Spirits,25/04/2024,139.2,111.58,129.04,11612.5
492,Chivas Regal 12yrs  Whisky -1L,9000.0,5.0,0.0,Spirits,25/04/2024,67.43,54.05,62.5,5625.0
493,Captain Morgan 1000Ml,8610.0,0.0,0.0,Spirits,25/04/2024,64.5,51.71,59.8,5381.25
494,The Balvenie Doublewood 17 Years Whisky - 700ML -By Cheers Online,24320.0,0.0,0.0,Spirits,25/04/2024,182.2,146.06,168.9,15200.0
495,Chivas Regal Gold Signature Aged 18 years Scotch Whiskey 1Litre,16000.0,0.0,0.0,Spirits,25/04/2024,119.87,96.09,111.12,10000.0
496,Passport Old Reserve Blend Select Barrels 375ml,480.0,0.0,0.0,Spirits,25/04/2024,3.6,2.88,3.33,300.0
497,Yeti vodka 375 ml,1100.0,0.0,0.0,Spirits,25/04/2024,8.24,6.61,7.64,687.5
498,Jack Daniels Whiskey JD 500ml,4180.0,0.0,0.0,Spirits,25/04/2024,31.32,25.1,29.03,2612.5
499,Jameson Irish - 1L  Premium Whisky,7500.0,5.0,0.0,Spirits,25/04/2024,56.19,45.04,52.09,4687.5
500,Black Label 12 Yrs 50 ml,650.0,4.0,0.0,Spirits,25/04/2024,4.87,3.9,4.51,406.25
501,Iconic Russian 750Ml,1365.0,0.0,0.0,Spirits,25/04/2024,10.23,8.2,9.48,853.12
502,Blue Diamond London Extra Day 180 ML,290.0,0.0,0.0,Spirits,25/04/2024,2.17,1.74,2.01,181.25
503,Blue Diamond London Extra Day 375 ML,560.0,0.0,0.0,Spirits,25/04/2024,4.2,3.36,3.89,350.0
504,Blue Diamond London Extra Day 750 ML,1120.0,0.0,0.0,Spirits,25/04/2024,8.39,6.73,7.78,700.0
505,365 Days Vodka 750 Ml,1000.0,0.0,0.0,Spirits,25/04/2024,7.49,6.01,6.94,625.0
506,365 Days Vodka 375 Ml,500.0,0.0,0.0,Spirits,25/04/2024,3.75,3.0,3.47,312.5
507,Excellence Vodka 750ml,1665.0,0.0,0.0,Spirits,25/04/2024,12.47,10.0,11.56,1040.62
508,Gurkhas and Gun Finest Blended Whisky,2980.0,0.0,0.0,Spirits,25/04/2024,22.33,17.9,20.7,1862.5
509,Excellence Vodka 180ml,415.0,0.0,0.0,Spirits,25/04/2024,3.11,2.49,2.88,259.38
510,Chivas Regal Extra 750 Ml,6924.0,0.0,0.0,Spirits,25/04/2024,51.87,41.58,48.09,4327.5
511,Old Durbar 1000 ML,3400.0,0.0,0.0,Spirits,25/04/2024,25.47,20.42,23.61,2125.0
512,Johnnie Walker Blue Label 1L,38000.0,0.0,0.0,Spirits,25/04/2024,284.69,228.21,263.91,23750.0
513,Big Master Regular Red Wine 750 Ml,700.0,0.0,0.0,Wines,25/04/2024,5.24,4.2,4.86,437.5
514,Royal Big Master Apple Sweet White Wine Premium 750,890.0,0.0,0.0,Wines,25/04/2024,6.67,5.35,6.18,556.25
515,Villa Cardini Bardolino Red Wine - 750ML -By Cheers Online,1950.0,0.0,0.0,Wines,25/04/2024,14.61,11.71,13.54,1218.75
516,Bottega Rosso Montalcino Doc - 750 ml,4000.0,0.0,0.0,Wines,25/04/2024,29.97,24.02,27.78,2500.0
517,Akira Sweet White Wine 750 ML,825.0,0.0,0.0,Wines,25/04/2024,6.18,4.95,5.73,515.62
518,El Chivo Sauvignon Blanc (750 ml),1700.0,0.0,0.0,Wines,25/04/2024,12.74,10.21,11.81,1062.5
519,Campo Viejo Rioja Reserva Red Wine 750ML -By Cheers Online,3450.0,0.0,0.0,Wines,25/04/2024,25.85,20.72,23.96,2156.25
520,Lindeman's Bin 35 Rose Wine - 750ML -By Cheers Online,2100.0,0.0,0.0,Wines,25/04/2024,15.73,12.61,14.58,1312.5
521,DIVINE WINE (Red),730.0,0.0,0.0,Wines,25/04/2024,5.47,4.38,5.07,456.25
522,Durbanville Hills Pinotage - 750 ml -By Cheers Online,2935.0,0.0,0.0,Wines,25/04/2024,21.99,17.63,20.38,1834.38
523,Campo Viejo Rioja Tempranillo Red Wine 750ML -By Cheers Online,2700.0,0.0,0.0,Wines,25/04/2024,20.23,16.22,18.75,1687.5
524,Palacio Del Campo (Spain)(Red),1250.0,0.0,0.0,Wines,25/04/2024,9.36,7.51,8.68,781.25
525,Adoro White Sweet Wine 750Ml,1600.0,0.0,0.0,Wines,25/04/2024,11.99,9.61,11.11,1000.0
526,Canvas White Wine 750Ml,895.0,0.0,0.0,Wines,25/04/2024,6.71,5.38,6.22,559.38
527,Baron D'Arignac Sweet Red 750ML,1500.0,0.0,0.0,Wines,25/04/2024,11.24,9.01,10.42,937.5
528,The Rising Royals Sweet Red Wine 750ml,995.0,0.0,0.0,Wines,25/04/2024,7.45,5.98,6.91,621.88
529,Palacio Del Campo Semi-Sweet Red Wine 750ml,1152.0,0.0,0.0,Wines,25/04/2024,8.63,6.92,8.0,720.0
530,Oina Sevea Sweet Wine 750Ml,1600.0,0.0,0.0,Wines,25/04/2024,11.99,9.61,11.11,1000.0
531,Bottega Merlot IGT 750ml,2495.0,0.0,0.0,Wines,25/04/2024,18.69,14.98,17.33,1559.38
532,JP Chenet Fashion Litchi -750ML,1810.0,0.0,0.0,Wines,25/04/2024,13.56,10.87,12.57,1131.25
533,2 Share Natural Sweet Red 750ML,1500.0,0.0,0.0,Wines,25/04/2024,11.24,9.01,10.42,937.5
534,Vega White Wine 750Ml,1600.0,0.0,0.0,Wines,25/04/2024,11.99,9.61,11.11,1000.0
535,Royal Musk Limestone Coast Cabernet Sauvignon 750ML,1800.0,0.0,0.0,Wines,25/04/2024,13.49,10.81,12.5,1125.0
536,Robertson Winery Sweet White 750ML,1450.0,0.0,0.0,Wines,25/04/2024,10.86,8.71,10.07,906.25
537,Canvas Sweet Red 750ML,895.0,0.0,0.0,Wines,25/04/2024,6.71,5.38,6.22,559.38
538,Bottega Chardonnay IGT Trevenezie White Wine 750ML -By Cheers Online,2300.0,0.0,0.0,Wines,25/04/2024,17.23,13.81,15.97,1437.5
539,J. P. CHENET CLASSIC Molleux Red - 750ml,1850.0,0.0,0.0,Wines,25/04/2024,13.86,11.11,12.85,1156.25
540,OBiKWA Pinotage Red Wine - 750ml -By Cheers Online,2350.0,0.0,0.0,Wines,25/04/2024,17.61,14.11,16.32,1468.75
541,Royal Musk Sauvignon Blanc 750ML,1500.0,0.0,0.0,Wines,25/04/2024,11.24,9.01,10.42,937.5
542,Jc Semillion Chardonnay 750 Ml,1785.0,0.0,0.0,Wines,25/04/2024,13.37,10.72,12.4,1115.62
543,Big Master Perfect Fruit Sweet Red Wine 750Ml,950.0,0.0,0.0,Wines,25/04/2024,7.12,5.71,6.6,593.75
544,Bottega Acino Chianti 750ml,2495.0,0.0,0.0,Wines,25/04/2024,18.69,14.98,17.33,1559.38
545,Jacob's Creek Classic Pinot Grigio 750ML,1875.0,0.0,0.0,Wines,25/04/2024,14.05,11.26,13.02,1171.88
546,2 Share Natural Sweet White 750ML,1500.0,0.0,0.0,Wines,25/04/2024,11.24,9.01,10.42,937.5
547,Saipal Red Wine 750ml,900.0,0.0,0.0,Wines,25/04/2024,6.74,5.41,6.25,562.5
548,Durbanville Hills Sauvignon Blanc - 750ML -By Cheers Online,2935.0,0.0,0.0,Wines,25/04/2024,21.99,17.63,20.38,1834.38
549,Lindemans Bin 40 Merlot,2100.0,0.0,0.0,Wines,25/04/2024,15.73,12.61,14.58,1312.5
550,Bottega Soave Classico DOC White Wine 750ML -By Cheers Online,2300.0,0.0,0.0,Wines,25/04/2024,17.23,13.81,15.97,1437.5
551,Jc Merlot 750 Ml,1785.0,0.0,0.0,Wines,25/04/2024,13.37,10.72,12.4,1115.62
552,Gato Negro Semi Sweeet White (750ml),1700.0,0.0,0.0,Wines,25/04/2024,12.74,10.21,11.81,1062.5
553,Gato Negro Semi Sweet White 750Ml,1800.0,0.0,0.0,Wines,25/04/2024,13.49,10.81,12.5,1125.0
554,Refreshing Jc Shiraj Cabernet 750 Ml,1785.0,0.0,0.0,Wines,25/04/2024,13.37,10.72,12.4,1115.62
555,Jacob's Creek Classic Merlot 750ML,1875.0,0.0,0.0,Wines,25/04/2024,14.05,11.26,13.02,1171.88
556,Royal Big Master Regular Mixed Fruit Wine 750Ml,885.0,0.0,0.0,Wines,25/04/2024,6.63,5.31,6.15,553.12
557,J.P Chenet Peach 750Ml,2800.0,0.0,0.0,Wines,25/04/2024,20.98,16.82,19.45,1750.0
558,Primavera Vine Blanco Red wine 750ml,2000.0,0.0,0.0,Wines,25/04/2024,14.98,12.01,13.89,1250.0
559,JP Chenet Sweet Red 750ML,1850.0,0.0,0.0,Wines,25/04/2024,13.86,11.11,12.85,1156.25
560,Hardys Stamp Chardonnay Semillon- 750 ml -By Cheers Online,1800.0,0.0,0.0,Wines,25/04/2024,13.49,10.81,12.5,1125.0
561,Primavera Vine Blanco white wine,1800.0,0.0,0.0,Wines,25/04/2024,13.49,10.81,12.5,1125.0
562,Nederburg Winemasters Reserve Riesling White Wine - 750ml -By Cheers Online,2935.0,0.0,0.0,Wines,25/04/2024,21.99,17.63,20.38,1834.38
563,Bottega Merlot - 750 ml,2300.0,0.0,0.0,Wines,25/04/2024,17.23,13.81,15.97,1437.5
564,Pinot Noir Vesper(750 ml),2500.0,0.0,0.0,Wines,25/04/2024,18.73,15.01,17.36,1562.5
565,Lindemans Bin 45 Cabernet Sauvignon,2100.0,0.0,0.0,Wines,25/04/2024,15.73,12.61,14.58,1312.5
566,Lindeman's Bin 95 Sauvignon Blanc White Wine - 750ML -By Cheers Online,2100.0,0.0,0.0,Wines,25/04/2024,15.73,12.61,14.58,1312.5
567,Bottega Sauvignon Blanc,2300.0,0.0,0.0,Wines,25/04/2024,17.23,13.81,15.97,1437.5
568,Bottega Sauvignon Blanc By Bottega - 750 ml,2300.0,0.0,0.0,Wines,25/04/2024,17.23,13.81,15.97,1437.5
569,Hakodate Keruna - Japanese Sparkling Wine 720Ml,3670.0,0.0,0.0,Wines,25/04/2024,27.49,22.04,25.49,2293.75
570,Bottega Chardonnay Igt Trevenezie - 750 ml,2300.0,0.0,0.0,Wines,25/04/2024,17.23,13.81,15.97,1437.5
571,Canvas Red Wine 750Ml,895.0,0.0,0.0,Wines,25/04/2024,6.71,5.38,6.22,559.38
572,Hakodate Dornfelder Red Wine 720Ml,3170.0,0.0,0.0,Wines,25/04/2024,23.75,19.04,22.02,1981.25
573,Lindeman's Bin 90 Moscato White Wine - 750ML -By Cheers Online,2100.0,0.0,0.0,Wines,25/04/2024,15.73,12.61,14.58,1312.5
574,Bottega Acino Chianti Classico - 750 ml,4000.0,0.0,0.0,Wines,25/04/2024,29.97,24.02,27.78,2500.0
575,Vinedos Del Litoral - White Sweet Wine (750ml),1800.0,0.0,0.0,Wines,25/04/2024,13.49,10.81,12.5,1125.0
576,Lindemans Bin 95 Sauvignon Blanc,2100.0,0.0,0.0,Wines,25/04/2024,15.73,12.61,14.58,1312.5
577,Porto Wine 750Ml,4150.0,0.0,0.0,Wines,25/04/2024,31.09,24.92,28.82,2593.75
578,Jacob's Creek Classic Chardonnay 750ML,1875.0,0.0,0.0,Wines,25/04/2024,14.05,11.26,13.02,1171.88
579,Bottega Pinot Grigio Venezia Doc - 750 ml,2300.0,0.0,0.0,Wines,25/04/2024,17.23,13.81,15.97,1437.5
580,Lindemans Bin 90 Moscato Wine -750ml,2100.0,0.0,0.0,Wines,25/04/2024,15.73,12.61,14.58,1312.5
581,Bottega Amarone Valpolicella 750ml,8495.0,0.0,0.0,Wines,25/04/2024,63.64,51.02,59.0,5309.38
582,Ultrablack's Divine Wine White 750ml,775.0,0.0,0.0,Wines,25/04/2024,5.81,4.65,5.38,484.38
583,Lindemans Bin 85 Pinot Grigio,2100.0,0.0,0.0,Wines,25/04/2024,15.73,12.61,14.58,1312.5
584,Canvas Sweet White Wine 750ml,800.0,0.0,0.0,Wines,25/04/2024,5.99,4.8,5.56,500.0
585,Boron D' Arignac White 750Ml,1600.0,0.0,0.0,Wines,25/04/2024,11.99,9.61,11.11,1000.0
586,J.P Chenet Apple 750Ml,2800.0,0.0,0.0,Wines,25/04/2024,20.98,16.82,19.45,1750.0
587,Bottega Acino Chianti Classico Riserva DOCG Red Wine 750ML -By Cheers Online,5000.0,0.0,0.0,Wines,25/04/2024,37.46,30.03,34.72,3125.0
588,Bottega Acino Chianti Classico  Riserva - 750 ml,5000.0,0.0,0.0,Wines,25/04/2024,37.46,30.03,34.72,3125.0
589,Climat Sweet White Wine 750ml,695.0,0.0,0.0,Wines,25/04/2024,5.21,4.17,4.83,434.38
590,Bottega Amarone Della Valpolicella DOCG Red Wine 750ML -By Cheers Online,8500.0,0.0,0.0,Wines,25/04/2024,63.68,51.05,59.03,5312.5
591,Calvet White Wine 750Ml,1800.0,0.0,0.0,Wines,25/04/2024,13.49,10.81,12.5,1125.0
592,Bottega Pinot Grigio Venezia DOC White Wine 750ML -By Cheers Online,2300.0,0.0,0.0,Wines,25/04/2024,17.23,13.81,15.97,1437.5
593,Stanley Dolce Rosso Red 4L,6800.0,0.0,0.0,Wines,25/04/2024,50.94,40.84,47.23,4250.0
594,Hakodate Bacchus-Japanese White Wine 720Ml,3170.0,0.0,0.0,Wines,25/04/2024,23.75,19.04,22.02,1981.25
595,Bottega Pret A Porter Brunello Riserva - 750 ml,18000.0,0.0,0.0,Wines,25/04/2024,134.85,108.1,125.01,11250.0
596,Laine Napolean 750Ml,4500.0,0.0,0.0,Wines,25/04/2024,33.71,27.03,31.25,2812.5
597,JP Chenet Sweet White 750ML,1850.0,0.0,0.0,Wines,25/04/2024,13.86,11.11,12.85,1156.25
598,Bottega Amarone Valpol. Docg - 750 ml,8500.0,0.0,0.0,Wines,25/04/2024,63.68,51.05,59.03,5312.5
599,Durbanville Hills Chardonnay - 750ML -By Cheers Online,2935.0,0.0,0.0,Wines,25/04/2024,21.99,17.63,20.38,1834.38
600,Bottega Pinot Grigio Rose - 750 ml,2300.0,0.0,0.0,Wines,25/04/2024,17.23,13.81,15.97,1437.5
601,Valdouro Porto Ruby Port 750ML,2500.0,0.0,0.0,Wines,25/04/2024,18.73,15.01,17.36,1562.5
602,Dulzino Moscato Sweet White Wine  750ml,1700.0,0.0,0.0,Wines,25/04/2024,12.74,10.21,11.81,1062.5
603,"Calvet Chateauneuf Du Pape Red Wine, 750ml -By Cheers Online",5300.0,0.0,0.0,Wines,25/04/2024,39.71,31.83,36.81,3312.5
604,Bottega Brunello Di Montalcino DOCG Red Wine 750ML -By Cheers Online,9500.0,0.0,0.0,Wines,25/04/2024,71.17,57.05,65.98,5937.5
605,Canvas Sweet Red Wine 4L,3995.0,0.0,0.0,Wines,25/04/2024,29.93,23.99,27.74,2496.88
606,Bottega Brunello Montalcino Docg - 750 ml,9500.0,0.0,0.0,Wines,25/04/2024,71.17,57.05,65.98,5937.5
607,Bottega Moscato Still - 750 ml,2300.0,0.0,0.0,Wines,25/04/2024,17.23,13.81,15.97,1437.5
608,Jacob's Creek Classic Chardonnay 750ml,1875.0,0.0,0.0,Wines,25/04/2024,14.05,11.26,13.02,1171.88
609,BIG MASTER PREMIUM 750ML (White),890.0,0.0,0.0,Wines,25/04/2024,6.67,5.35,6.18,556.25
610,Bottega Pret A Porter Amarone Doc - 750 ml,17000.0,0.0,0.0,Wines,25/04/2024,127.36,102.1,118.06,10625.0
611,JP Chenet Sweet White Wine - 750ML,1800.0,0.0,0.0,Wines,25/04/2024,13.49,10.81,12.5,1125.0
612,Porto Valdouro Ruby Port Red Wine 750ml,2300.0,0.0,0.0,Wines,25/04/2024,17.23,13.81,15.97,1437.5
613,Porto Valdouro White Port Wine 750ml,2300.0,0.0,0.0,Wines,25/04/2024,17.23,13.81,15.97,1437.5
614,Aroma Premium Red Wine 750ml,1050.0,0.0,0.0,Wines,25/04/2024,7.87,6.31,7.29,656.25
615,Canvas Sweet White Wine 750Ml,895.0,5.0,0.0,Wines,25/04/2024,6.71,5.38,6.22,559.38
616,Divine Wines Red Sweet Wine 750ml,775.0,4.0,0.0,Wines,25/04/2024,5.81,4.65,5.38,484.38
617,Jc Sauvignon Blanc 750 Ml,1785.0,0.0,0.0,Wines,25/04/2024,13.37,10.72,12.4,1115.62
618,Jacob's Creek Classic Moscato 750ML,1875.0,0.0,0.0,Wines,25/04/2024,14.05,11.26,13.02,1171.88
619,Sangria Claudio 1500Ml,3650.0,0.0,0.0,Wines,25/04/2024,27.34,21.92,25.35,2281.25
620,Baron d'Arignac Dry White 750ML,1500.0,0.0,0.0,Wines,25/04/2024,11.24,9.01,10.42,937.5
621,Arna 8 Wild Himalayan Beer 650Ml,330.0,0.0,0.0,Beer,25/04/2024,2.47,1.98,2.29,206.25
622,Craft Beer Barahsinghe Pilsner Beer 650ml,390.0,0.0,0.0,Beer,25/04/2024,2.92,2.34,2.71,243.75
623,Barshinge Strong Beer 650 Ml,2452.0,0.0,0.0,Beer,25/04/2024,18.37,14.73,17.03,1532.5
624,Arna (8) 500 Ml Can Beer,260.0,0.0,0.0,Beer,25/04/2024,1.95,1.56,1.81,162.5
625,Budwiser Magnum 650 Ml,350.0,0.0,0.0,Beer,25/04/2024,2.62,2.1,2.43,218.75
626,Good Quality Budwiser Magnum 330 Ml,180.0,0.0,0.0,Beer,25/04/2024,1.35,1.08,1.25,112.5
627,Firemoon Beer 330 Ml,3356.0,0.0,0.0,Beer,25/04/2024,25.14,20.15,23.31,2097.5
628,Yeti Premium Lager Beer 330 ML,180.0,0.0,0.0,Beer,25/04/2024,1.35,1.08,1.25,112.5
629,Arna Premium Lager Beer 650 ML,400.0,0.0,0.0,Beer,25/04/2024,3.0,2.4,2.78,250.0
630,Barahsinghe Super Strong Beer 650 ML,290.0,0.0,0.0,Beer,25/04/2024,2.17,1.74,2.01,181.25
631,Budweiser Magnum Premium Beer 330 ML,190.0,0.0,0.0,Beer,25/04/2024,1.42,1.14,1.32,118.75
632,Budweiser Magnum Premium Beer 650 ML,360.0,0.0,0.0,Beer,25/04/2024,2.7,2.16,2.5,225.0
10154,Nomo Nomo-Sake 2 Litre,5315.0,0.0,0.0,Spirits,05/05/2024,39.82,31.92,36.91,3321.88
10176,Barahsinghe Pilsner 650ML,399.0,0.0,0.0,Beer,05/05/2024,2.99,2.4,2.77,249.38
10577,Big Master Prefect Fruit Red Wine 750Ml,850.0,5.0,0.0,Wines,12/05/2024,6.37,5.1,5.9,531.25
10579,Canvas Box Sweet Red Wine 4L,3500.0,5.0,0.0,Wines,12/05/2024,26.22,21.02,24.31,2187.5
10593,Divine Wine Red Sweet Wine 750Ml,775.0,0.0,0.0,Wines,12/05/2024,5.81,4.65,5.38,484.38
10604,Carlsberg Danish Pilsner Can 500ML,365.0,0.0,0.0,Beer,12/05/2024,2.73,2.19,2.53,228.12
10613,Corona Extra Bottle 330Ml,425.0,0.0,0.0,Beer,12/05/2024,3.18,2.55,2.95,265.62
10675,Khukuri Spice Domestic Rum -750Ml,2350.0,5.0,0.0,Spirits,12/05/2024,17.61,14.11,16.32,1468.75
10699,Old Durbar Reserve Whisky 750Ml,2600.0,5.0,0.0,Spirits,12/05/2024,19.48,15.61,18.06,1625.0
10700,Jim Beam Kentucky Straight Bourbon Whiskey 1ltr,8500.0,0.0,0.0,Spirits,12/05/2024,63.68,51.05,59.03,5312.5
10702,Nepse Bull Rare Malt Whiskey 750ml,4850.0,5.0,0.0,Spirits,12/05/2024,36.34,29.13,33.68,3031.25
10708,Teachers Highland Cream Whiskey 1ltr,7000.0,0.0,0.0,Spirits,12/05/2024,52.44,42.04,48.61,4375.0
10713,Vat 69 Blended Scotch whiskey 1ltr,6200.0,0.0,0.0,Spirits,12/05/2024,46.45,37.24,43.06,3875.0
10723,The Glenlivet Single Malt Scotch Whiskey750ml,8200.0,0.0,0.0,Spirits,12/05/2024,61.43,49.25,56.95,5125.0
10733,The Famous Grouse Blended Scotch Whiskey1L,7500.0,0.0,0.0,Spirits,12/05/2024,56.19,45.04,52.09,4687.5
10803,Nepal Finest Khukuri Rum 750Ml,2000.0,0.0,0.0,Spirits,12/05/2024,14.98,12.01,13.89,1250.0
10809,Jameson Irish Permium whiskey1L,7400.0,0.0,0.0,Spirits,12/05/2024,55.44,44.44,51.39,4625.0
10921,Khukuri White Domestic Rum 750Ml,2400.0,0.0,0.0,Spirits,12/05/2024,17.98,14.41,16.67,1500.0
